{"peak_pct": 0.2, "peak_at": "2026-06-29T16:59:02.633810+05:30", "computed_at": 1782842146.8048675}